run_date,search,source,kind,origin,dest,return_from,return_to,depart_date,return_date,price,airlines,stops,duration_min,link,price_level,typical_low,typical_high
2026-10-03,Japon mai 2027,Aviasales / Travelpayouts,aller-retour,BCN,HND,HND,BCN,2027-05-22,2027-06-13,769.0,CA,1,895,https://www.aviasales.com/search/BCN2205TYO13061?t=CA18109890001811093400001320BCNPEKHND18128952001812960900001515HNDPEKBCN_abc9d683dac24e103464d8ced1a9a42e_72099&search_date=01102026&expected_price_uuid=01a0f76c-41c8-8030-60d3-30f7c10ebbdf&static_fare_key=TY%7CP0%7CH1%7CL0%7CCH1%7CR0%7CTBC0&itinerary_key=149cDmD9qocRQZ6JKUgs9g&expected_price_source=share&expected_price_currency=eur&expected_price=769,,,
2026-10-03,Japon mai 2027,Aviasales / Travelpayouts,aller-retour,BCN,NRT,NRT,BCN,2027-05-03,2027-05-16,831.0,ZH,1,1040,https://www.aviasales.com/search/BCN0305TYO16051?t=ZH18093468001809453600001360BCNSZXNRT18104940001810546800001300NRTSZXBCN_77a133395c02e8379acd742eb0588660_77823&search_date=01102026&expected_price_uuid=01a0f984-e82e-8030-ad03-eb8ea2994001&static_fare_key=TY%7CP1%7CH1%7CL1_2_46%7CCH0%7CR0%7CTBC1&itinerary_key=HttWS59BKQxMk2CV_gbTrQ&expected_price_source=share&expected_price_currency=eur&expected_price=831,,,
2026-10-03,Japon mai 2027,Aviasales / Travelpayouts,aller-retour,BCN,NRT,NRT,BCN,2027-05-01,2027-05-16,873.0,LX,1,890,https://www.aviasales.com/search/BCN0105TYO16051?t=OS18092016001809335400001810BCNZRHNRT18104658001810545000001740NRTVIEBCN_f5e741c180bfb9b2e30e6cb8bb7ddb3f_83891&search_date=26092026&expected_price_uuid=01a0de1e-6d8f-8030-2ec7-80eddb5034cd&static_fare_key=TY%7CP0%7CH1%7CL1_1_23%7CCH0%7CR0%7CTBC1&itinerary_key=o5bBY6mHPMZKhUmlMtOCaA&expected_price_source=share&expected_price_currency=eur&expected_price=873,,,
2026-10-03,Japon mai 2027,Google Flights,aller-retour,BCN,NRT,NRT,BCN,2027-05-01,2027-05-22,947.0,Cathay Pacific,1,1110,https://www.google.com/travel/flights/search?tfs=GhwSCjIwMjctMDUtMDEoAWoFEgNCQ05yBRIDTlJUGhwSCjIwMjctMDUtMjIoAWoFEgNOUlRyBRIDQkNOQgEBSAGYAQE=&hl=fr&curr=EUR,habituel,720.0,1000.0
2026-10-03,Japon mai 2027,Google Flights,aller-retour,BCN,NRT,NRT,BCN,2027-05-21,2027-06-04,854.0,Austrian,1,950,https://www.google.com/travel/flights/search?tfs=GhwSCjIwMjctMDUtMjEoAWoFEgNCQ05yBRIDTlJUGhwSCjIwMjctMDYtMDQoAWoFEgNOUlRyBRIDQkNOQgEBSAGYAQE=&hl=fr&curr=EUR,habituel,730.0,940.0
2026-10-03,Japon mai 2027,Google Flights,aller-retour,BCN,HND,HND,BCN,2027-05-13,2027-05-23,967.0,Cathay Pacific,1,1075,https://www.google.com/travel/flights/search?tfs=GhwSCjIwMjctMDUtMTMoAWoFEgNCQ05yBRIDSE5EGhwSCjIwMjctMDUtMjMoAWoFEgNITkRyBRIDQkNOQgEBSAGYAQE=&hl=fr&curr=EUR,habituel,810.0,1250.0
2026-10-03,Japon mai 2027,Google Flights,aller-retour,BCN,NRT,NRT,BCN,2027-05-15,2027-05-29,1003.0,Etihad,1,1140,https://www.google.com/travel/flights/search?tfs=GhwSCjIwMjctMDUtMTUoAWoFEgNCQ05yBRIDTlJUGhwSCjIwMjctMDUtMjkoAWoFEgNOUlRyBRIDQkNOQgEBSAGYAQE=&hl=fr&curr=EUR,élevé,730.0,940.0
2026-10-03,Japon mai 2027,Google Flights,aller-retour,MRS,HND,HND,MRS,2027-05-12,2027-05-22,1309.0,Lufthansa City Airlines; ANA,1,1145,https://www.google.com/travel/flights/search?tfs=GhwSCjIwMjctMDUtMTIoAWoFEgNNUlNyBRIDSE5EGhwSCjIwMjctMDUtMjIoAWoFEgNITkRyBRIDTVJTQgEBSAGYAQE=&hl=fr&curr=EUR,habituel,1250.0,1900.0
2026-10-03,Japon mai 2027,Google Flights,aller-retour,BCN,NRT,NRT,BCN,2027-05-13,2027-06-03,902.0,Austrian,1,950,https://www.google.com/travel/flights/search?tfs=GhwSCjIwMjctMDUtMTMoAWoFEgNCQ05yBRIDTlJUGhwSCjIwMjctMDYtMDMoAWoFEgNOUlRyBRIDQkNOQgEBSAGYAQE=&hl=fr&curr=EUR,habituel,720.0,1000.0
2026-10-03,Japon mai 2027,Google Flights,aller-retour,BCN,KIX,KIX,BCN,2027-05-03,2027-05-24,914.0,Etihad,1,1085,https://www.google.com/travel/flights/search?tfs=GhwSCjIwMjctMDUtMDMoAWoFEgNCQ05yBRIDS0lYGhwSCjIwMjctMDUtMjQoAWoFEgNLSVhyBRIDQkNOQgEBSAGYAQE=&hl=fr&curr=EUR,habituel,790.0,1150.0
2026-10-03,Japon mai 2027,Google Flights,aller-retour,MRS,NRT,NRT,MRS,2027-05-20,2027-06-10,1161.0,SWISS,1,990,https://www.google.com/travel/flights/search?tfs=GhwSCjIwMjctMDUtMjAoAWoFEgNNUlNyBRIDTlJUGhwSCjIwMjctMDYtMTAoAWoFEgNOUlRyBRIDTVJTQgEBSAGYAQE=&hl=fr&curr=EUR,bas,1250.0,2000.0
2026-10-03,Japon mai 2027,Google Flights,aller-retour,BCN,HND,HND,BCN,2027-05-31,2027-06-10,943.0,Lufthansa; ANA,1,960,https://www.google.com/travel/flights/search?tfs=GhwSCjIwMjctMDUtMzEoAWoFEgNCQ05yBRIDSE5EGhwSCjIwMjctMDYtMTAoAWoFEgNITkRyBRIDQkNOQgEBSAGYAQE=&hl=fr&curr=EUR,habituel,810.0,1250.0
2026-10-03,Japon mai 2027,Google Flights,aller-retour,MRS,HND,HND,MRS,2027-05-24,2027-06-14,1134.0,Lufthansa City Airlines; ANA,1,1145,https://www.google.com/travel/flights/search?tfs=GhwSCjIwMjctMDUtMjQoAWoFEgNNUlNyBRIDSE5EGhwSCjIwMjctMDYtMTQoAWoFEgNITkRyBRIDTVJTQgEBSAGYAQE=&hl=fr&curr=EUR,bas,1250.0,1900.0
2026-10-03,Japon mai 2027,Google Flights,aller-retour,MRS,NRT,NRT,MRS,2027-05-13,2027-05-23,1302.0,SWISS,1,990,https://www.google.com/travel/flights/search?tfs=GhwSCjIwMjctMDUtMTMoAWoFEgNNUlNyBRIDTlJUGhwSCjIwMjctMDUtMjMoAWoFEgNOUlRyBRIDTVJTQgEBSAGYAQE=&hl=fr&curr=EUR,habituel,1250.0,2000.0
2026-10-03,Japon mai 2027,Google Flights,aller-retour,MRS,NRT,NRT,MRS,2027-05-03,2027-05-24,1201.0,Austrian,1,945,https://www.google.com/travel/flights/search?tfs=GhwSCjIwMjctMDUtMDMoAWoFEgNNUlNyBRIDTlJUGhwSCjIwMjctMDUtMjQoAWoFEgNOUlRyBRIDTVJTQgEBSAGYAQE=&hl=fr&curr=EUR,bas,1250.0,2000.0
2026-10-03,Japon mai 2027,Google Flights,aller-retour,BCN,NRT,NRT,BCN,2027-05-13,2027-05-27,928.0,Austrian,1,950,https://www.google.com/travel/flights/search?tfs=GhwSCjIwMjctMDUtMTMoAWoFEgNCQ05yBRIDTlJUGhwSCjIwMjctMDUtMjcoAWoFEgNOUlRyBRIDQkNOQgEBSAGYAQE=&hl=fr&curr=EUR,habituel,730.0,940.0
2026-10-03,Japon mai 2027,Google Flights,aller-retour,BCN,NRT,NRT,BCN,2027-05-18,2027-05-28,949.0,Austrian,1,950,https://www.google.com/travel/flights/search?tfs=GhwSCjIwMjctMDUtMTgoAWoFEgNCQ05yBRIDTlJUGhwSCjIwMjctMDUtMjgoAWoFEgNOUlRyBRIDQkNOQgEBSAGYAQE=&hl=fr&curr=EUR,habituel,720.0,1000.0
2026-10-03,Japon mai 2027,Google Flights,aller-retour,MRS,NRT,NRT,MRS,2027-05-27,2027-06-06,1202.0,SWISS,1,990,https://www.google.com/travel/flights/search?tfs=GhwSCjIwMjctMDUtMjcoAWoFEgNNUlNyBRIDTlJUGhwSCjIwMjctMDYtMDYoAWoFEgNOUlRyBRIDTVJTQgEBSAGYAQE=&hl=fr&curr=EUR,bas,1250.0,2000.0
2026-10-03,Japon mai 2027,Google Flights,aller-retour,BCN,HND,HND,BCN,2027-05-22,2027-06-12,918.0,Qatar Airways,1,1085,https://www.google.com/travel/flights/search?tfs=GhwSCjIwMjctMDUtMjIoAWoFEgNCQ05yBRIDSE5EGhwSCjIwMjctMDYtMTIoAWoFEgNITkRyBRIDQkNOQgEBSAGYAQE=&hl=fr&curr=EUR,habituel,810.0,1250.0
2026-10-03,Japon mai 2027,Google Flights,aller-retour,BCN,KIX,KIX,BCN,2027-05-11,2027-06-01,1087.0,Finnair,1,1170,https://www.google.com/travel/flights/search?tfs=GhwSCjIwMjctMDUtMTEoAWoFEgNCQ05yBRIDS0lYGhwSCjIwMjctMDYtMDEoAWoFEgNLSVhyBRIDQkNOQgEBSAGYAQE=&hl=fr&curr=EUR,habituel,790.0,1150.0
2026-10-03,Japon mai 2027,Google Flights,aller-retour,MRS,NRT,NRT,MRS,2027-05-03,2027-05-17,1231.0,Austrian,1,945,https://www.google.com/travel/flights/search?tfs=GhwSCjIwMjctMDUtMDMoAWoFEgNNUlNyBRIDTlJUGhwSCjIwMjctMDUtMTcoAWoFEgNOUlRyBRIDTVJTQgEBSAGYAQE=&hl=fr&curr=EUR,bas,1350.0,2000.0
2026-10-03,Japon mai 2027,Google Flights,aller-retour,MRS,NRT,NRT,MRS,2027-05-28,2027-06-18,1293.0,Turkish Airlines,1,930,https://www.google.com/travel/flights/search?tfs=GhwSCjIwMjctMDUtMjgoAWoFEgNNUlNyBRIDTlJUGhwSCjIwMjctMDYtMTgoAWoFEgNOUlRyBRIDTVJTQgEBSAGYAQE=&hl=fr&curr=EUR,habituel,1250.0,2000.0
2026-10-03,Japon mai 2027,Google Flights,aller-retour,MRS,HND,HND,MRS,2027-05-20,2027-06-03,1124.0,Lufthansa City Airlines; ANA,1,1145,https://www.google.com/travel/flights/search?tfs=GhwSCjIwMjctMDUtMjAoAWoFEgNNUlNyBRIDSE5EGhwSCjIwMjctMDYtMDMoAWoFEgNITkRyBRIDTVJTQgEBSAGYAQE=&hl=fr&curr=EUR,bas,1300.0,1800.0
2026-10-03,Japon mai 2027,Google Flights,aller-retour,MRS,NRT,NRT,MRS,2027-05-10,2027-05-20,1196.0,Austrian,1,945,https://www.google.com/travel/flights/search?tfs=GhwSCjIwMjctMDUtMTAoAWoFEgNNUlNyBRIDTlJUGhwSCjIwMjctMDUtMjAoAWoFEgNOUlRyBRIDTVJTQgEBSAGYAQE=&hl=fr&curr=EUR,bas,1250.0,2000.0
2026-10-03,Japon mai 2027,Google Flights,aller-retour,MRS,HND,HND,MRS,2027-05-04,2027-05-25,1467.0,Lufthansa City Airlines; ANA,1,1145,https://www.google.com/travel/flights/search?tfs=GhwSCjIwMjctMDUtMDQoAWoFEgNNUlNyBRIDSE5EGhwSCjIwMjctMDUtMjUoAWoFEgNITkRyBRIDTVJTQgEBSAGYAQE=&hl=fr&curr=EUR,habituel,1250.0,1900.0
2026-10-03,Japon mai 2027,Google Flights,aller-retour,BCN,HND,HND,BCN,2027-05-07,2027-05-28,1265.0,Qatar Airways,1,1085,https://www.google.com/travel/flights/search?tfs=GhwSCjIwMjctMDUtMDcoAWoFEgNCQ05yBRIDSE5EGhwSCjIwMjctMDUtMjgoAWoFEgNITkRyBRIDQkNOQgEBSAGYAQE=&hl=fr&curr=EUR,élevé,810.0,1250.0
2026-10-03,Japon mai 2027,Google Flights,aller-retour,BCN,KIX,KIX,BCN,2027-05-01,2027-05-15,999.0,Cathay Pacific,1,1150,https://www.google.com/travel/flights/search?tfs=GhwSCjIwMjctMDUtMDEoAWoFEgNCQ05yBRIDS0lYGhwSCjIwMjctMDUtMTUoAWoFEgNLSVhyBRIDQkNOQgEBSAGYAQE=&hl=fr&curr=EUR,habituel,790.0,1100.0
2026-10-03,Japon mai 2027,Google Flights,aller-retour,BCN,HND,HND,BCN,2027-05-03,2027-05-24,994.0,Lufthansa; ANA,1,1110,https://www.google.com/travel/flights/search?tfs=GhwSCjIwMjctMDUtMDMoAWoFEgNCQ05yBRIDSE5EGhwSCjIwMjctMDUtMjQoAWoFEgNITkRyBRIDQkNOQgEBSAGYAQE=&hl=fr&curr=EUR,habituel,810.0,1250.0
2026-10-03,Japon mai 2027,Google Flights,aller-retour,MRS,NRT,NRT,MRS,2027-05-30,2027-06-20,1293.0,Turkish Airlines,1,930,https://www.google.com/travel/flights/search?tfs=GhwSCjIwMjctMDUtMzAoAWoFEgNNUlNyBRIDTlJUGhwSCjIwMjctMDYtMjAoAWoFEgNOUlRyBRIDTVJTQgEBSAGYAQE=&hl=fr&curr=EUR,habituel,1250.0,2000.0
2026-10-03,Japon mai 2027,Google Flights,aller-retour,BCN,NRT,NRT,BCN,2027-05-04,2027-05-18,1029.0,Austrian,1,950,https://www.google.com/travel/flights/search?tfs=GhwSCjIwMjctMDUtMDQoAWoFEgNCQ05yBRIDTlJUGhwSCjIwMjctMDUtMTgoAWoFEgNOUlRyBRIDQkNOQgEBSAGYAQE=&hl=fr&curr=EUR,élevé,720.0,1000.0
2026-10-03,Japon mai 2027,Google Flights,aller-retour,MRS,HND,HND,MRS,2027-05-10,2027-05-31,1232.0,Lufthansa; ANA,1,1070,https://www.google.com/travel/flights/search?tfs=GhwSCjIwMjctMDUtMTAoAWoFEgNNUlNyBRIDSE5EGhwSCjIwMjctMDUtMzEoAWoFEgNITkRyBRIDTVJTQgEBSAGYAQE=&hl=fr&curr=EUR,bas,1250.0,1900.0
2026-10-03,Japon mai 2027,Google Flights,aller-retour,BCN,HND,HND,BCN,2027-05-10,2027-05-24,994.0,Lufthansa; ANA,1,1110,https://www.google.com/travel/flights/search?tfs=GhwSCjIwMjctMDUtMTAoAWoFEgNCQ05yBRIDSE5EGhwSCjIwMjctMDUtMjQoAWoFEgNITkRyBRIDQkNOQgEBSAGYAQE=&hl=fr&curr=EUR,habituel,840.0,1250.0
2026-10-03,Japon mai 2027,Google Flights,aller-retour,MRS,HND,HND,MRS,2027-05-04,2027-05-14,1489.0,Air France,1,1045,https://www.google.com/travel/flights/search?tfs=GhwSCjIwMjctMDUtMDQoAWoFEgNNUlNyBRIDSE5EGhwSCjIwMjctMDUtMTQoAWoFEgNITkRyBRIDTVJTQgEBSAGYAQE=&hl=fr&curr=EUR,habituel,1250.0,1900.0
2026-10-03,Japon mai 2027,Google Flights,aller-retour,MRS,HND,HND,MRS,2027-05-29,2027-06-12,1239.0,Lufthansa City Airlines; ANA,1,1145,https://www.google.com/travel/flights/search?tfs=GhwSCjIwMjctMDUtMjkoAWoFEgNNUlNyBRIDSE5EGhwSCjIwMjctMDYtMTIoAWoFEgNITkRyBRIDTVJTQgEBSAGYAQE=&hl=fr&curr=EUR,bas,1300.0,1800.0
2026-10-03,Japon mai 2027,Google Flights,aller-retour,BCN,KIX,KIX,BCN,2027-05-07,2027-05-28,1520.0,Asiana Airlines,1,1065,https://www.google.com/travel/flights/search?tfs=GhwSCjIwMjctMDUtMDcoAWoFEgNCQ05yBRIDS0lYGhwSCjIwMjctMDUtMjgoAWoFEgNLSVhyBRIDQkNOQgEBSAGYAQE=&hl=fr&curr=EUR,élevé,790.0,1150.0
2026-10-03,Japon mai 2027,Google Flights,aller-retour,BCN,HND,HND,BCN,2027-05-26,2027-06-05,888.0,Qatar Airways,1,1085,https://www.google.com/travel/flights/search?tfs=GhwSCjIwMjctMDUtMjYoAWoFEgNCQ05yBRIDSE5EGhwSCjIwMjctMDYtMDUoAWoFEgNITkRyBRIDQkNOQgEBSAGYAQE=&hl=fr&curr=EUR,habituel,810.0,1250.0
2026-10-03,Japon mai 2027,Google Flights,aller-retour,BCN,NRT,NRT,BCN,2027-05-03,2027-05-17,902.0,Austrian,1,950,https://www.google.com/travel/flights/search?tfs=GhwSCjIwMjctMDUtMDMoAWoFEgNCQ05yBRIDTlJUGhwSCjIwMjctMDUtMTcoAWoFEgNOUlRyBRIDQkNOQgEBSAGYAQE=&hl=fr&curr=EUR,habituel,730.0,940.0
2026-10-03,Japon mai 2027,Google Flights,2 allers simples,BCN,NRT,NRT,BCN,2027-05-05,2027-05-26,2007.0,Etihad + KLM,1,1140,https://www.google.com/travel/flights/search?tfs=GhwSCjIwMjctMDUtMDUoAWoFEgNCQ05yBRIDTlJUQgEBSAGYAQI=&hl=fr&curr=EUR | https://www.google.com/travel/flights/search?tfs=GhwSCjIwMjctMDUtMjYoAWoFEgNOUlRyBRIDQkNOQgEBSAGYAQI=&hl=fr&curr=EUR,,,
2026-10-03,Japon mai 2027,Google Flights,2 allers simples,BCN,NRT,NRT,MRS,2027-05-05,2027-05-26,2007.0,Etihad + KLM,1,1140,https://www.google.com/travel/flights/search?tfs=GhwSCjIwMjctMDUtMDUoAWoFEgNCQ05yBRIDTlJUQgEBSAGYAQI=&hl=fr&curr=EUR | https://www.google.com/travel/flights/search?tfs=GhwSCjIwMjctMDUtMjYoAWoFEgNOUlRyBRIDTVJTQgEBSAGYAQI=&hl=fr&curr=EUR,,,
2026-10-03,Japon mai 2027,Google Flights,2 allers simples,BCN,NRT,HND,BCN,2027-05-05,2027-05-26,2064.0,Etihad + Air France,1,1140,https://www.google.com/travel/flights/search?tfs=GhwSCjIwMjctMDUtMDUoAWoFEgNCQ05yBRIDTlJUQgEBSAGYAQI=&hl=fr&curr=EUR | https://www.google.com/travel/flights/search?tfs=GhwSCjIwMjctMDUtMjYoAWoFEgNITkRyBRIDQkNOQgEBSAGYAQI=&hl=fr&curr=EUR,,,
2026-10-03,Japon mai 2027,Google Flights,2 allers simples,BCN,NRT,HND,MRS,2027-05-05,2027-05-26,2064.0,Etihad + Air France,1,1140,https://www.google.com/travel/flights/search?tfs=GhwSCjIwMjctMDUtMDUoAWoFEgNCQ05yBRIDTlJUQgEBSAGYAQI=&hl=fr&curr=EUR | https://www.google.com/travel/flights/search?tfs=GhwSCjIwMjctMDUtMjYoAWoFEgNITkRyBRIDTVJTQgEBSAGYAQI=&hl=fr&curr=EUR,,,
2026-10-03,Japon mai 2027,Google Flights,2 allers simples,BCN,NRT,KIX,BCN,2027-05-05,2027-05-26,1301.0,Etihad,1,1140,https://www.google.com/travel/flights/search?tfs=GhwSCjIwMjctMDUtMDUoAWoFEgNCQ05yBRIDTlJUQgEBSAGYAQI=&hl=fr&curr=EUR | https://www.google.com/travel/flights/search?tfs=GhwSCjIwMjctMDUtMjYoAWoFEgNLSVhyBRIDQkNOQgEBSAGYAQI=&hl=fr&curr=EUR,,,
2026-10-03,Japon mai 2027,Google Flights,2 allers simples,BCN,HND,NRT,BCN,2027-05-05,2027-05-26,2039.0,ITA + KLM,1,945,https://www.google.com/travel/flights/search?tfs=GhwSCjIwMjctMDUtMDUoAWoFEgNCQ05yBRIDSE5EQgEBSAGYAQI=&hl=fr&curr=EUR | https://www.google.com/travel/flights/search?tfs=GhwSCjIwMjctMDUtMjYoAWoFEgNOUlRyBRIDQkNOQgEBSAGYAQI=&hl=fr&curr=EUR,,,
2026-10-03,Japon mai 2027,Google Flights,2 allers simples,BCN,HND,NRT,MRS,2027-05-05,2027-05-26,2039.0,ITA + KLM,1,945,https://www.google.com/travel/flights/search?tfs=GhwSCjIwMjctMDUtMDUoAWoFEgNCQ05yBRIDSE5EQgEBSAGYAQI=&hl=fr&curr=EUR | https://www.google.com/travel/flights/search?tfs=GhwSCjIwMjctMDUtMjYoAWoFEgNOUlRyBRIDTVJTQgEBSAGYAQI=&hl=fr&curr=EUR,,,
2026-10-03,Japon mai 2027,Google Flights,2 allers simples,BCN,HND,HND,BCN,2027-05-05,2027-05-26,2096.0,ITA + Air France,1,945,https://www.google.com/travel/flights/search?tfs=GhwSCjIwMjctMDUtMDUoAWoFEgNCQ05yBRIDSE5EQgEBSAGYAQI=&hl=fr&curr=EUR | https://www.google.com/travel/flights/search?tfs=GhwSCjIwMjctMDUtMjYoAWoFEgNITkRyBRIDQkNOQgEBSAGYAQI=&hl=fr&curr=EUR,,,
2026-10-03,Japon mai 2027,Google Flights,2 allers simples,BCN,HND,HND,MRS,2027-05-05,2027-05-26,2096.0,ITA + Air France,1,945,https://www.google.com/travel/flights/search?tfs=GhwSCjIwMjctMDUtMDUoAWoFEgNCQ05yBRIDSE5EQgEBSAGYAQI=&hl=fr&curr=EUR | https://www.google.com/travel/flights/search?tfs=GhwSCjIwMjctMDUtMjYoAWoFEgNITkRyBRIDTVJTQgEBSAGYAQI=&hl=fr&curr=EUR,,,
2026-10-03,Japon mai 2027,Google Flights,2 allers simples,BCN,HND,KIX,BCN,2027-05-05,2027-05-26,1333.0,ITA + Etihad,1,945,https://www.google.com/travel/flights/search?tfs=GhwSCjIwMjctMDUtMDUoAWoFEgNCQ05yBRIDSE5EQgEBSAGYAQI=&hl=fr&curr=EUR | https://www.google.com/travel/flights/search?tfs=GhwSCjIwMjctMDUtMjYoAWoFEgNLSVhyBRIDQkNOQgEBSAGYAQI=&hl=fr&curr=EUR,,,
2026-10-03,Japon mai 2027,Google Flights,2 allers simples,BCN,KIX,NRT,BCN,2027-05-05,2027-05-26,1850.0,Shenzhen + KLM,1,1135,https://www.google.com/travel/flights/search?tfs=GhwSCjIwMjctMDUtMDUoAWoFEgNCQ05yBRIDS0lYQgEBSAGYAQI=&hl=fr&curr=EUR | https://www.google.com/travel/flights/search?tfs=GhwSCjIwMjctMDUtMjYoAWoFEgNOUlRyBRIDQkNOQgEBSAGYAQI=&hl=fr&curr=EUR,,,
2026-10-03,Japon mai 2027,Google Flights,2 allers simples,BCN,KIX,NRT,MRS,2027-05-05,2027-05-26,1850.0,Shenzhen + KLM,1,1135,https://www.google.com/travel/flights/search?tfs=GhwSCjIwMjctMDUtMDUoAWoFEgNCQ05yBRIDS0lYQgEBSAGYAQI=&hl=fr&curr=EUR | https://www.google.com/travel/flights/search?tfs=GhwSCjIwMjctMDUtMjYoAWoFEgNOUlRyBRIDTVJTQgEBSAGYAQI=&hl=fr&curr=EUR,,,
2026-10-03,Japon mai 2027,Google Flights,2 allers simples,BCN,KIX,HND,BCN,2027-05-05,2027-05-26,1907.0,Shenzhen + Air France,1,1135,https://www.google.com/travel/flights/search?tfs=GhwSCjIwMjctMDUtMDUoAWoFEgNCQ05yBRIDS0lYQgEBSAGYAQI=&hl=fr&curr=EUR | https://www.google.com/travel/flights/search?tfs=GhwSCjIwMjctMDUtMjYoAWoFEgNITkRyBRIDQkNOQgEBSAGYAQI=&hl=fr&curr=EUR,,,
2026-10-03,Japon mai 2027,Google Flights,2 allers simples,BCN,KIX,HND,MRS,2027-05-05,2027-05-26,1907.0,Shenzhen + Air France,1,1135,https://www.google.com/travel/flights/search?tfs=GhwSCjIwMjctMDUtMDUoAWoFEgNCQ05yBRIDS0lYQgEBSAGYAQI=&hl=fr&curr=EUR | https://www.google.com/travel/flights/search?tfs=GhwSCjIwMjctMDUtMjYoAWoFEgNITkRyBRIDTVJTQgEBSAGYAQI=&hl=fr&curr=EUR,,,
2026-10-03,Japon mai 2027,Google Flights,2 allers simples,BCN,KIX,KIX,BCN,2027-05-05,2027-05-26,1144.0,Shenzhen + Etihad,1,1135,https://www.google.com/travel/flights/search?tfs=GhwSCjIwMjctMDUtMDUoAWoFEgNCQ05yBRIDS0lYQgEBSAGYAQI=&hl=fr&curr=EUR | https://www.google.com/travel/flights/search?tfs=GhwSCjIwMjctMDUtMjYoAWoFEgNLSVhyBRIDQkNOQgEBSAGYAQI=&hl=fr&curr=EUR,,,
2026-10-03,Japon mai 2027,Google Flights,2 allers simples,MRS,NRT,NRT,BCN,2027-05-05,2027-05-26,2186.0,Turkish Airlines + KLM,1,1025,https://www.google.com/travel/flights/search?tfs=GhwSCjIwMjctMDUtMDUoAWoFEgNNUlNyBRIDTlJUQgEBSAGYAQI=&hl=fr&curr=EUR | https://www.google.com/travel/flights/search?tfs=GhwSCjIwMjctMDUtMjYoAWoFEgNOUlRyBRIDQkNOQgEBSAGYAQI=&hl=fr&curr=EUR,,,
2026-10-03,Japon mai 2027,Google Flights,2 allers simples,MRS,NRT,NRT,MRS,2027-05-05,2027-05-26,2186.0,Turkish Airlines + KLM,1,1025,https://www.google.com/travel/flights/search?tfs=GhwSCjIwMjctMDUtMDUoAWoFEgNNUlNyBRIDTlJUQgEBSAGYAQI=&hl=fr&curr=EUR | https://www.google.com/travel/flights/search?tfs=GhwSCjIwMjctMDUtMjYoAWoFEgNOUlRyBRIDTVJTQgEBSAGYAQI=&hl=fr&curr=EUR,,,
2026-10-03,Japon mai 2027,Google Flights,2 allers simples,MRS,NRT,HND,BCN,2027-05-05,2027-05-26,2243.0,Turkish Airlines + Air France,1,1025,https://www.google.com/travel/flights/search?tfs=GhwSCjIwMjctMDUtMDUoAWoFEgNNUlNyBRIDTlJUQgEBSAGYAQI=&hl=fr&curr=EUR | https://www.google.com/travel/flights/search?tfs=GhwSCjIwMjctMDUtMjYoAWoFEgNITkRyBRIDQkNOQgEBSAGYAQI=&hl=fr&curr=EUR,,,
2026-10-03,Japon mai 2027,Google Flights,2 allers simples,MRS,NRT,HND,MRS,2027-05-05,2027-05-26,2243.0,Turkish Airlines + Air France,1,1025,https://www.google.com/travel/flights/search?tfs=GhwSCjIwMjctMDUtMDUoAWoFEgNNUlNyBRIDTlJUQgEBSAGYAQI=&hl=fr&curr=EUR | https://www.google.com/travel/flights/search?tfs=GhwSCjIwMjctMDUtMjYoAWoFEgNITkRyBRIDTVJTQgEBSAGYAQI=&hl=fr&curr=EUR,,,
2026-10-03,Japon mai 2027,Google Flights,2 allers simples,MRS,NRT,KIX,BCN,2027-05-05,2027-05-26,1480.0,Turkish Airlines + Etihad,1,1025,https://www.google.com/travel/flights/search?tfs=GhwSCjIwMjctMDUtMDUoAWoFEgNNUlNyBRIDTlJUQgEBSAGYAQI=&hl=fr&curr=EUR | https://www.google.com/travel/flights/search?tfs=GhwSCjIwMjctMDUtMjYoAWoFEgNLSVhyBRIDQkNOQgEBSAGYAQI=&hl=fr&curr=EUR,,,
2026-10-03,Japon mai 2027,Google Flights,2 allers simples,MRS,HND,NRT,BCN,2027-05-05,2027-05-26,2555.0,Turkish Airlines + KLM,1,1035,https://www.google.com/travel/flights/search?tfs=GhwSCjIwMjctMDUtMDUoAWoFEgNNUlNyBRIDSE5EQgEBSAGYAQI=&hl=fr&curr=EUR | https://www.google.com/travel/flights/search?tfs=GhwSCjIwMjctMDUtMjYoAWoFEgNOUlRyBRIDQkNOQgEBSAGYAQI=&hl=fr&curr=EUR,,,
2026-10-03,Japon mai 2027,Google Flights,2 allers simples,MRS,HND,NRT,MRS,2027-05-05,2027-05-26,2555.0,Turkish Airlines + KLM,1,1035,https://www.google.com/travel/flights/search?tfs=GhwSCjIwMjctMDUtMDUoAWoFEgNNUlNyBRIDSE5EQgEBSAGYAQI=&hl=fr&curr=EUR | https://www.google.com/travel/flights/search?tfs=GhwSCjIwMjctMDUtMjYoAWoFEgNOUlRyBRIDTVJTQgEBSAGYAQI=&hl=fr&curr=EUR,,,
2026-10-03,Japon mai 2027,Google Flights,2 allers simples,MRS,HND,HND,BCN,2027-05-05,2027-05-26,2612.0,Turkish Airlines + Air France,1,1035,https://www.google.com/travel/flights/search?tfs=GhwSCjIwMjctMDUtMDUoAWoFEgNNUlNyBRIDSE5EQgEBSAGYAQI=&hl=fr&curr=EUR | https://www.google.com/travel/flights/search?tfs=GhwSCjIwMjctMDUtMjYoAWoFEgNITkRyBRIDQkNOQgEBSAGYAQI=&hl=fr&curr=EUR,,,
2026-10-03,Japon mai 2027,Google Flights,2 allers simples,MRS,HND,HND,MRS,2027-05-05,2027-05-26,2612.0,Turkish Airlines + Air France,1,1035,https://www.google.com/travel/flights/search?tfs=GhwSCjIwMjctMDUtMDUoAWoFEgNNUlNyBRIDSE5EQgEBSAGYAQI=&hl=fr&curr=EUR | https://www.google.com/travel/flights/search?tfs=GhwSCjIwMjctMDUtMjYoAWoFEgNITkRyBRIDTVJTQgEBSAGYAQI=&hl=fr&curr=EUR,,,
2026-10-03,Japon mai 2027,Google Flights,2 allers simples,MRS,HND,KIX,BCN,2027-05-05,2027-05-26,1849.0,Turkish Airlines + Etihad,1,1035,https://www.google.com/travel/flights/search?tfs=GhwSCjIwMjctMDUtMDUoAWoFEgNNUlNyBRIDSE5EQgEBSAGYAQI=&hl=fr&curr=EUR | https://www.google.com/travel/flights/search?tfs=GhwSCjIwMjctMDUtMjYoAWoFEgNLSVhyBRIDQkNOQgEBSAGYAQI=&hl=fr&curr=EUR,,,
